site_code,site,HC,TUR,MAC,AB,OB,n_substrate_transects,algal_cover,benthic_state
AL,Aow Leuk,33.48649925254956,33.93852168468359,0.964644011917514,25.698729019752303,4.794447837030706,9,34.90316569660111,1.4166664440515504
GR,Green Rock,37.58818731121894,27.589095011167956,3.1626692511049592,25.457671965837918,5.787348113907313,8,30.751764262272914,-6.836423048946024
RR,Red Rock,48.87349921798384,32.4213070895043,3.3301360820675368,10.514394001297926,4.392316431352562,6,35.75144317157184,-13.122056046411998
SI,Shark Island,63.616640884020676,19.065015169036347,1.6019423666019266,11.903974876459243,3.2858835934869686,7,20.66695753563827,-42.94968334838241
TB,Tanote Bay,51.203853685401974,17.592768323550175,1.8718740674657859,24.779739861931354,4.035666113923601,7,19.46464239101596,-31.739211294386013
TW,Twins,37.71708262933419,37.05326850644252,1.2173595914710096,18.918698725657475,4.148359654095905,5,38.27062809791353,0.5535454685793368
