mean_HC,sd_HC,min_HC,max_HC,n_transects
37.58818731121894,14.018607879621879,20.394736842105264,58.08,8
