site_type,n,mean_count,var_count,var_mean_ratio
Control,48,1.0833333333333333,1.397163120567376,1.2896890343698857
High Density,99,6.303030303030303,10.315398886827458,1.6365777080062793
