family,n,mean_bites,var_bites,var_mean_ratio
Butterflyfish,112,19.526785714285715,157.15242921492924,8.048043928702366
Parrotfish,114,74.3859649122807,1770.3629871138023,23.799691100350646
Rabbitfish,110,49.06363636363636,765.0693077564634,15.593408162536775
