var1,var2,r,pair
UKN,OB,0.598500136271176,OB ~ UKN
AB,HC,-0.5393855954174784,AB ~ HC
TUR,AB,-0.5124755269847197,AB ~ TUR
